"id","bayid","eventTime","estimatedSpaces"
1,4,2013-12-20 16:00:00,7.45
2,4,2013-12-20 17:00:00,7.71666666666667
3,6,2013-05-16 13:00:00,10.8166666666667
4,6,2013-05-16 14:00:00,10
5,6,2013-05-16 15:00:00,10
6,6,2013-05-16 16:00:00,10.1833333333333
7,8,2013-05-16 14:00:00,5.08333333333333
8,8,2013-05-16 15:00:00,6.91666666666667
9,17,2013-05-16 14:00:00,10.05
10,17,2013-05-16 15:00:00,10
11,17,2013-05-16 16:00:00,10
12,17,2013-05-16 17:00:00,10
13,17,2013-05-16 18:00:00,10.95
14,17,2013-12-20 16:00:00,9.78333333333333
15,17,2013-12-20 17:00:00,9
16,17,2013-12-20 18:00:00,10.0833333333333
17,18,2013-05-16 13:00:00,3.93333333333333
18,18,2013-05-16 14:00:00,3
19,18,2013-05-16 15:00:00,3.4
20,25,2013-12-20 16:00:00,13.8333333333333
21,25,2013-12-20 17:00:00,13
22,25,2013-12-20 18:00:00,13.5
23,27,2013-05-16 13:00:00,10.8333333333333
24,27,2013-05-16 14:00:00,10.1666666666667
25,27,2013-12-20 16:00:00,10.1
26,27,2013-12-20 17:00:00,8.33333333333333
27,27,2013-12-20 18:00:00,10.5666666666667
28,29,2013-05-16 13:00:00,8.7
29,29,2013-05-16 14:00:00,7.13333333333333
30,29,2013-05-16 15:00:00,8.16666666666667
31,29,2013-12-20 16:00:00,8.75
32,29,2013-12-20 17:00:00,8
33,29,2013-12-20 18:00:00,8.48333333333333
34,32,2013-05-16 13:00:00,8.86666666666667
35,32,2013-05-16 14:00:00,8.13333333333333
36,32,2013-12-20 17:00:00,8.5
37,33,2013-12-20 16:00:00,5.5
38,34,2013-12-20 17:00:00,3.11666666666667
39,34,2013-12-20 18:00:00,3.38333333333333
40,36,2013-05-16 13:00:00,17.9833333333333
41,36,2013-05-16 14:00:00,17
42,36,2013-05-16 15:00:00,17
43,36,2013-05-16 16:00:00,17
44,36,2013-05-16 17:00:00,17.0166666666667
45,36,2013-12-20 16:00:00,17.0333333333333
46,36,2013-12-20 17:00:00,16.4
47,36,2013-12-20 18:00:00,17.4666666666667
48,40,2013-05-16 13:00:00,7.98333333333333
49,40,2013-05-16 14:00:00,7.01666666666667
50,45,2013-12-20 16:00:00,11.5
51,48,2013-05-16 13:00:00,1.98333333333333
52,48,2013-05-16 14:00:00,1.01666666666667
53,50,2013-12-20 16:00:00,5.75
54,50,2013-12-20 17:00:00,5.25
55,52,2013-05-16 13:00:00,4.85
56,52,2013-05-16 14:00:00,4
57,52,2013-05-16 15:00:00,4
58,52,2013-05-16 16:00:00,4.15
59,60,2013-05-16 13:00:00,3.88333333333333
60,60,2013-05-16 14:00:00,3
61,60,2013-05-16 15:00:00,3.11666666666667
62,61,2013-05-16 13:00:00,3.75
63,61,2013-05-16 14:00:00,3
64,61,2013-05-16 15:00:00,3
65,61,2013-05-16 16:00:00,3.25
66,61,2013-12-20 16:00:00,3.66666666666667
67,62,2013-12-20 17:00:00,5.15
68,62,2013-12-20 18:00:00,5.5
69,63,2013-12-20 16:00:00,10.8
70,65,2013-05-16 13:00:00,4.86666666666667
71,65,2013-05-16 14:00:00,4.38333333333333
72,65,2013-12-20 17:00:00,4.35
73,65,2013-12-20 18:00:00,4.48333333333333
74,66,2013-12-20 16:00:00,3.28333333333333
75,66,2013-12-20 17:00:00,3.55
76,67,2013-12-20 16:00:00,5.5
77,80,2013-12-20 16:00:00,2.88333333333333
78,80,2013-12-20 17:00:00,2.15
79,80,2013-12-20 18:00:00,3.46666666666667
80,85,2013-05-16 13:00:00,5.81666666666667
81,85,2013-05-16 14:00:00,5.18333333333333
82,86,2013-05-16 14:00:00,2.05
83,86,2013-05-16 15:00:00,2.28333333333333
84,88,2014-01-27 07:00:00,9.7
85,88,2014-01-27 08:00:00,9
86,88,2014-01-27 09:00:00,9
87,88,2014-01-27 10:00:00,9
88,88,2014-01-27 11:00:00,9.3
89,89,2013-05-16 13:00:00,9.68333333333333
90,89,2013-05-16 14:00:00,9.06666666666667
91,89,2013-12-20 16:00:00,9.36666666666667
92,89,2013-12-20 17:00:00,9.38333333333333
93,90,2013-12-20 16:00:00,5.61666666666667
94,90,2013-12-20 17:00:00,5.38333333333333
95,90,2014-01-27 08:00:00,5.4
96,90,2014-01-27 09:00:00,5.6
97,96,2013-12-20 16:00:00,3.1
98,96,2013-12-20 17:00:00,2
99,96,2013-12-20 18:00:00,2.98333333333333
100,98,2013-05-16 13:00:00,3.71666666666667
101,98,2013-05-16 14:00:00,3.03333333333333
102,100,2013-05-16 14:00:00,8.06666666666667
103,100,2013-05-16 15:00:00,8.93333333333333
104,103,2013-12-20 16:00:00,15.75
105,103,2013-12-20 17:00:00,15
106,103,2013-12-20 18:00:00,15.5
107,105,2013-05-16 14:00:00,47.05
108,105,2013-05-16 15:00:00,47
109,105,2013-05-16 16:00:00,47.95
110,105,2013-12-20 16:00:00,46.5
111,105,2013-12-20 17:00:00,46.7666666666667
112,105,2013-12-20 18:00:00,47.7333333333333
113,106,2013-05-16 14:00:00,19.0833333333333
114,106,2013-05-16 15:00:00,19.9166666666667
115,106,2013-12-20 16:00:00,19
116,106,2013-12-20 17:00:00,18
117,106,2013-12-20 18:00:00,18.8833333333333
118,106,2013-12-20 19:00:00,19
119,106,2013-12-20 20:00:00,19.6166666666667
120,109,2013-05-16 13:00:00,13.6666666666667
121,110,2013-12-20 16:00:00,5.98333333333333
122,110,2013-12-20 17:00:00,5
123,110,2013-12-20 18:00:00,5.51666666666667
124,111,2013-05-16 14:00:00,4.05
125,111,2013-05-16 15:00:00,4.95
126,115,2013-12-20 17:00:00,14.15
127,115,2013-12-20 18:00:00,14.5166666666667
128,122,2013-12-20 16:00:00,4.73333333333333
129,122,2013-12-20 17:00:00,4
130,122,2013-12-20 18:00:00,4.26666666666667
131,124,2013-12-20 16:00:00,4.98333333333333
132,124,2013-12-20 17:00:00,4
133,124,2013-12-20 18:00:00,4.51666666666667
134,125,2013-12-20 16:00:00,5.41666666666667
135,125,2013-12-20 17:00:00,5
136,125,2013-12-20 18:00:00,5.5
137,127,2013-12-20 16:00:00,16.2666666666667
138,127,2013-12-20 17:00:00,16.7333333333333
139,129,2013-05-16 13:00:00,11.8333333333333
140,129,2013-05-16 14:00:00,11
141,129,2013-05-16 15:00:00,11
142,129,2013-05-16 16:00:00,11.6666666666667
143,129,2013-12-20 16:00:00,11.65
144,129,2013-12-20 17:00:00,11.0166666666667
145,131,2013-05-16 14:00:00,7.06666666666667
146,131,2013-05-16 15:00:00,7
147,131,2013-05-16 16:00:00,7
148,131,2013-05-16 17:00:00,7.43333333333333
149,132,2013-05-16 13:00:00,10.9833333333333
150,132,2013-05-16 14:00:00,7.16666666666667
151,132,2013-05-16 15:00:00,7
152,132,2013-05-16 16:00:00,7
153,132,2013-05-16 17:00:00,7.3
154,132,2013-05-16 18:00:00,10.8833333333333
155,134,2013-12-20 16:00:00,23.4833333333333
156,134,2013-12-20 17:00:00,22.6666666666667
157,134,2013-12-20 18:00:00,23.5
158,135,2013-12-20 17:00:00,3.35
159,135,2013-12-20 18:00:00,3.48333333333333
160,137,2013-12-20 16:00:00,6.13333333333333
161,137,2013-12-20 17:00:00,5.85
162,137,2013-12-20 18:00:00,6.51666666666667
163,138,2013-05-16 13:00:00,5.9
164,138,2013-05-16 14:00:00,5.9
165,138,2013-12-20 16:00:00,5.81666666666667
166,138,2013-12-20 17:00:00,5.68333333333333
167,139,2013-05-16 14:00:00,3.03333333333333
168,139,2013-05-16 15:00:00,3
169,139,2013-05-16 16:00:00,3
170,139,2013-05-16 17:00:00,3
171,139,2013-05-16 18:00:00,3.96666666666667
172,139,2013-12-20 16:00:00,3.65
173,139,2013-12-20 17:00:00,3.85
174,140,2013-05-16 13:00:00,2.9
175,140,2013-05-16 14:00:00,1.91666666666667
176,140,2013-05-16 15:00:00,2.93333333333333
177,142,2013-05-16 13:00:00,2.9
178,142,2013-05-16 14:00:00,2.43333333333333
179,142,2013-12-20 16:00:00,2.63333333333333
180,142,2013-12-20 17:00:00,2
181,142,2013-12-20 18:00:00,2.5
182,145,2013-12-20 17:00:00,7.11666666666667
183,145,2013-12-20 18:00:00,7.88333333333333
184,147,2013-12-20 16:00:00,4.98333333333333
185,147,2013-12-20 17:00:00,4.01666666666667
186,148,2013-05-16 13:00:00,6.3
187,148,2013-05-16 14:00:00,6
188,148,2013-05-16 15:00:00,6.95
189,152,2013-12-20 17:00:00,5.06666666666667
190,152,2013-12-20 18:00:00,5.93333333333333
191,154,2013-12-20 16:00:00,4.81666666666667
192,154,2013-12-20 17:00:00,4
193,154,2013-12-20 18:00:00,4.68333333333333
194,160,2013-05-16 13:00:00,2.88333333333333
195,160,2013-05-16 14:00:00,2.11666666666667
196,171,2013-05-16 13:00:00,4.88333333333333
197,171,2013-05-16 14:00:00,4
198,171,2013-05-16 15:00:00,4.95
199,174,2013-05-16 14:00:00,5.05
200,174,2013-05-16 15:00:00,5.78333333333333
201,180,2013-12-20 17:00:00,5.86666666666667
202,181,2013-12-20 16:00:00,4.75
203,184,2013-05-16 14:00:00,13.0666666666667
204,184,2013-05-16 15:00:00,13.9333333333333
205,184,2013-12-20 16:00:00,13.5
206,184,2013-12-20 17:00:00,13.5
207,185,2013-05-16 14:00:00,14.5
208,186,2013-05-16 14:00:00,17.0333333333333
209,186,2013-05-16 15:00:00,17
210,186,2013-05-16 16:00:00,17.9666666666667
211,189,2013-12-20 16:00:00,10.4333333333333
212,189,2013-12-20 17:00:00,9.43333333333333
213,189,2013-12-20 18:00:00,10.8833333333333
214,199,2013-12-20 16:00:00,6.98333333333333
215,200,2013-05-16 13:00:00,8.9
216,200,2013-05-16 14:00:00,8.6
217,203,2013-05-16 13:00:00,6.98333333333333
218,203,2013-05-16 14:00:00,6.01666666666667
219,205,2013-05-16 13:00:00,9.98333333333333
220,205,2013-05-16 14:00:00,9
221,205,2013-05-16 15:00:00,9.01666666666667
222,208,2013-05-16 13:00:00,6.9
223,208,2013-05-16 14:00:00,6.35
224,214,2013-05-16 14:00:00,11.3333333333333
225,217,2013-05-16 14:00:00,17.05
226,217,2013-05-16 15:00:00,17.2833333333333
227,217,2013-12-20 16:00:00,17.9166666666667
228,217,2013-12-20 17:00:00,17.0833333333333
229,217,2014-01-27 07:00:00,17.9833333333333
230,217,2014-01-27 08:00:00,17.0166666666667
231,218,2013-12-20 17:00:00,11.15
232,218,2013-12-20 18:00:00,11.5
233,221,2013-12-20 16:00:00,15.2333333333333
234,221,2013-12-20 17:00:00,15.0166666666667
235,222,2013-12-20 17:00:00,5.11666666666667
236,222,2013-12-20 18:00:00,5
237,222,2013-12-20 19:00:00,5
238,222,2013-12-20 20:00:00,5.88333333333333
239,226,2013-12-20 16:00:00,49.25
240,226,2013-12-20 17:00:00,49.5833333333333
241,228,2013-05-16 13:00:00,6.83333333333333
242,228,2013-05-16 14:00:00,6.66666666666667
243,229,2013-05-16 14:00:00,6
244,229,2014-01-27 08:00:00,6.4
245,229,2014-01-27 09:00:00,6.85
246,230,2013-12-20 16:00:00,20.75
247,230,2013-12-20 17:00:00,20
248,230,2013-12-20 18:00:00,20.4166666666667
249,231,2013-05-16 13:00:00,31.8333333333333
250,231,2013-05-16 14:00:00,31.1666666666667
251,232,2013-05-16 13:00:00,35.8333333333333
252,232,2013-05-16 14:00:00,35
253,232,2013-05-16 15:00:00,35
254,232,2013-05-16 16:00:00,35
255,232,2013-05-16 17:00:00,35.1666666666667
256,235,2013-05-16 14:00:00,5.5
257,241,2013-05-16 13:00:00,9.86666666666667
258,241,2013-05-16 14:00:00,9
259,241,2013-05-16 15:00:00,9.13333333333333
260,245,2013-05-16 13:00:00,9.86666666666667
261,245,2013-05-16 14:00:00,9
262,245,2013-12-20 16:00:00,9.48333333333333
263,245,2013-12-20 17:00:00,8.51666666666667
264,245,2014-01-27 08:00:00,9.45
265,245,2014-01-27 09:00:00,9
266,245,2014-01-27 10:00:00,9
267,245,2014-01-27 11:00:00,9
268,245,2014-01-27 12:00:00,9.55
269,279,2013-05-16 13:00:00,7.83333333333333
270,279,2013-05-16 14:00:00,7
271,279,2013-05-16 15:00:00,7.66666666666667
272,285,2014-01-27 08:00:00,2.45
273,285,2014-01-27 09:00:00,2
274,285,2014-01-27 10:00:00,2.55
275,287,2014-01-27 08:00:00,4.45
276,287,2014-01-27 09:00:00,4.55
277,294,2013-05-16 13:00:00,7.85
278,294,2013-05-16 14:00:00,7.98333333333333
279,294,2013-12-20 16:00:00,7.23333333333333
280,294,2013-12-20 17:00:00,7.76666666666667
281,296,2013-05-16 13:00:00,5.88333333333333
282,296,2013-05-16 14:00:00,5
283,296,2013-05-16 15:00:00,5.11666666666667
284,298,2013-05-16 14:00:00,5.05
285,298,2013-05-16 15:00:00,5
286,298,2013-05-16 16:00:00,5
287,298,2013-05-16 17:00:00,5
288,298,2013-05-16 18:00:00,5.95
289,299,2013-05-16 14:00:00,1.33333333333333
290,307,2014-01-27 08:00:00,3.45
291,307,2014-01-27 09:00:00,3.88333333333333
292,309,2013-12-20 16:00:00,7.73333333333333
293,309,2013-12-20 17:00:00,7
294,309,2013-12-20 18:00:00,7.51666666666667
295,312,2013-12-20 16:00:00,5.66666666666667
296,314,2014-01-27 08:00:00,7.45
297,314,2014-01-27 09:00:00,7
298,314,2014-01-27 10:00:00,7
299,314,2014-01-27 11:00:00,7
300,314,2014-01-27 12:00:00,7.55
301,329,2013-05-16 13:00:00,7.88333333333333
302,329,2013-05-16 14:00:00,7.11666666666667
303,330,2013-05-16 13:00:00,3.73333333333333
304,330,2013-05-16 14:00:00,3
305,330,2013-05-16 15:00:00,3
306,330,2013-05-16 16:00:00,3
307,330,2013-05-16 17:00:00,3.26666666666667
308,331,2013-05-16 14:00:00,4.71666666666667
309,334,2013-12-20 16:00:00,6.48333333333333
310,334,2013-12-20 17:00:00,6.51666666666667
311,335,2013-05-16 13:00:00,4.9
312,335,2013-05-16 14:00:00,4.76666666666667
313,336,2013-12-20 16:00:00,7.23333333333333
314,336,2013-12-20 17:00:00,7.26666666666667
315,339,2013-05-16 13:00:00,6.9
316,339,2013-05-16 14:00:00,6
317,339,2013-05-16 15:00:00,6.1
318,341,2013-12-20 16:00:00,7.38333333333333
319,341,2013-12-20 17:00:00,7
320,341,2013-12-20 18:00:00,7.28333333333333
321,350,2013-12-20 16:00:00,6.21666666666667
322,350,2013-12-20 17:00:00,6
323,350,2013-12-20 18:00:00,6
324,350,2013-12-20 19:00:00,6.78333333333333
325,355,2013-05-16 13:00:00,5.86666666666667
326,355,2013-05-16 14:00:00,5
327,355,2013-05-16 15:00:00,5.13333333333333
328,359,2013-12-20 16:00:00,18.2333333333333
329,359,2013-12-20 17:00:00,18.5166666666667
330,364,2013-05-16 14:00:00,8.63333333333333
331,366,2013-12-20 16:00:00,4.31666666666667
332,366,2013-12-20 17:00:00,4
333,366,2013-12-20 18:00:00,4.68333333333333
334,367,2013-05-16 13:00:00,4.83333333333333
335,367,2013-05-16 14:00:00,3.01666666666667
336,367,2013-05-16 15:00:00,4
337,367,2013-05-16 16:00:00,4
338,367,2013-05-16 17:00:00,4.15
339,367,2013-12-20 16:00:00,4.81666666666667
340,367,2013-12-20 17:00:00,4.68333333333333
341,371,2013-12-20 16:00:00,4.21666666666667
342,371,2013-12-20 17:00:00,4
343,371,2013-12-20 18:00:00,4.78333333333333
344,372,2013-05-16 13:00:00,9.9
345,372,2013-05-16 14:00:00,9.85
346,372,2013-12-20 16:00:00,9.35
347,372,2013-12-20 17:00:00,9.65
348,373,2013-12-20 16:00:00,5.75
349,373,2013-12-20 17:00:00,5
350,373,2013-12-20 18:00:00,5.41666666666667
351,379,2013-05-16 14:00:00,12.15
352,379,2013-05-16 15:00:00,12
353,379,2013-05-16 16:00:00,12
354,379,2013-05-16 17:00:00,12
355,379,2013-05-16 18:00:00,13.85
356,379,2013-12-20 16:00:00,13.1
357,379,2013-12-20 17:00:00,13.4166666666667
358,379,2014-01-27 08:00:00,13.1666666666667
359,379,2014-01-27 09:00:00,13
360,379,2014-01-27 10:00:00,13
361,379,2014-01-27 11:00:00,13
362,379,2014-01-27 12:00:00,13.8333333333333
363,385,2013-12-20 16:00:00,9.75
364,385,2014-01-27 08:00:00,9.4
365,385,2014-01-27 09:00:00,9
366,385,2014-01-27 10:00:00,9.6
367,390,2013-05-16 13:00:00,8.83333333333333
368,390,2013-05-16 14:00:00,8
369,390,2013-05-16 15:00:00,8.16666666666667
370,390,2013-12-20 16:00:00,8.65
371,390,2013-12-20 17:00:00,8.85
372,391,2013-05-16 13:00:00,3.9
373,391,2013-05-16 14:00:00,3
374,391,2013-05-16 15:00:00,3.1
375,393,2013-12-20 16:00:00,1.26666666666667
376,393,2013-12-20 17:00:00,1.73333333333333
377,394,2013-05-16 13:00:00,10.2833333333333
378,394,2013-05-16 14:00:00,9.71666666666667
379,396,2013-12-20 16:00:00,8.65
380,396,2013-12-20 17:00:00,8.01666666666667
381,398,2013-12-20 16:00:00,5.98333333333333
382,398,2013-12-20 17:00:00,5
383,398,2013-12-20 18:00:00,5.51666666666667
384,401,2013-05-16 13:00:00,11.95
385,401,2013-05-16 14:00:00,11
386,401,2013-05-16 15:00:00,11.9666666666667
387,401,2013-12-20 16:00:00,11.9833333333333
388,401,2013-12-20 17:00:00,10.35
389,401,2013-12-20 18:00:00,11
390,402,2013-05-16 13:00:00,2.98333333333333
391,402,2013-05-16 14:00:00,2
392,402,2013-05-16 15:00:00,2.51666666666667
393,402,2013-12-20 16:00:00,2.95
394,402,2013-12-20 17:00:00,2.3
395,406,2013-12-20 16:00:00,5.33333333333333
396,406,2013-12-20 17:00:00,5
397,406,2013-12-20 18:00:00,5.5
398,408,2014-01-27 08:00:00,6.45
399,408,2014-01-27 09:00:00,6
400,408,2014-01-27 10:00:00,6
401,408,2014-01-27 11:00:00,6
402,408,2014-01-27 12:00:00,6.55
403,414,2013-12-20 16:00:00,1.93333333333333
404,414,2013-12-20 17:00:00,0.383333333333333
405,414,2013-12-20 18:00:00,1.93333333333333
406,416,2013-12-20 16:00:00,9.73333333333333
407,416,2013-12-20 17:00:00,9
408,416,2013-12-20 18:00:00,9.26666666666667
409,417,2013-12-20 16:00:00,10.2
410,417,2013-12-20 17:00:00,9.28333333333333
411,417,2013-12-20 18:00:00,10.5166666666667
412,418,2013-05-16 13:00:00,11.8833333333333
413,418,2013-05-16 14:00:00,11.7
414,421,2013-05-16 14:00:00,2.75
415,423,2013-12-20 16:00:00,5.53333333333333
416,423,2013-12-20 17:00:00,5.96666666666667
417,424,2014-01-27 08:00:00,12.4
418,424,2014-01-27 09:00:00,12.6
419,425,2013-12-20 16:00:00,11.5333333333333
420,425,2013-12-20 17:00:00,11.7166666666667
421,435,2013-12-20 16:00:00,6.73333333333333
422,435,2013-12-20 17:00:00,6.51666666666667
423,441,2013-05-16 14:00:00,7.08333333333333
424,441,2013-05-16 15:00:00,7.91666666666667
425,443,2013-12-20 16:00:00,14.8666666666667
426,447,2014-01-27 08:00:00,11.45
427,447,2014-01-27 09:00:00,11
428,447,2014-01-27 10:00:00,11
429,447,2014-01-27 11:00:00,11
430,447,2014-01-27 12:00:00,11.55
431,450,2013-05-16 14:00:00,11.05
432,450,2013-05-16 15:00:00,11.95
433,450,2013-12-20 16:00:00,11.6166666666667
434,450,2013-12-20 17:00:00,11
435,450,2013-12-20 18:00:00,11.3833333333333
436,456,2013-12-20 16:00:00,6.5
437,457,2013-05-16 13:00:00,1.9
438,457,2013-05-16 14:00:00,1
439,457,2013-05-16 15:00:00,1.1
440,458,2013-05-16 13:00:00,8.66666666666667
441,458,2013-05-16 14:00:00,7.41666666666667
442,458,2013-05-16 15:00:00,8
443,458,2013-05-16 16:00:00,8
444,458,2013-05-16 17:00:00,8.16666666666667
445,459,2013-05-16 13:00:00,11.9
446,459,2013-05-16 14:00:00,11
447,459,2013-05-16 15:00:00,11
448,459,2013-05-16 16:00:00,11
449,459,2013-05-16 17:00:00,11.1
450,464,2013-05-16 14:00:00,10.0833333333333
451,464,2013-05-16 15:00:00,10
452,464,2013-05-16 16:00:00,10
453,464,2013-05-16 17:00:00,10
454,464,2013-05-16 18:00:00,10.9166666666667
455,465,2013-05-16 13:00:00,5.96666666666667
456,465,2013-05-16 14:00:00,5
457,465,2013-05-16 15:00:00,5.78333333333333
458,465,2014-01-27 08:00:00,5.45
459,465,2014-01-27 09:00:00,5.55
460,469,2013-12-20 16:00:00,2.76666666666667
461,469,2013-12-20 17:00:00,2.23333333333333
462,471,2013-05-16 14:00:00,7.05
463,471,2013-05-16 15:00:00,7
464,471,2013-05-16 16:00:00,7.95
465,471,2013-12-20 17:00:00,7.16666666666667
466,471,2013-12-20 18:00:00,7.83333333333333
467,472,2013-05-16 14:00:00,10.0333333333333
468,472,2013-05-16 15:00:00,10.9666666666667
469,473,2013-12-20 16:00:00,14.6666666666667
470,473,2014-01-27 08:00:00,14.45
471,473,2014-01-27 09:00:00,14
472,473,2014-01-27 10:00:00,14
473,473,2014-01-27 11:00:00,14
474,473,2014-01-27 12:00:00,14.55
475,474,2013-12-20 16:00:00,9.31666666666667
476,474,2013-12-20 17:00:00,9.93333333333333
477,475,2013-12-20 16:00:00,9.26666666666667
478,475,2013-12-20 17:00:00,9.98333333333333
479,478,2013-05-16 13:00:00,6.91666666666667
480,478,2013-05-16 14:00:00,6
481,478,2013-05-16 15:00:00,6.08333333333333
482,478,2013-12-20 16:00:00,5.93333333333333
483,478,2013-12-20 17:00:00,6.06666666666667
484,480,2013-05-16 13:00:00,11.8333333333333
485,480,2013-05-16 14:00:00,11.6666666666667
486,480,2013-12-20 16:00:00,10.6833333333333
487,480,2013-12-20 17:00:00,10.8166666666667
488,481,2013-05-16 13:00:00,4.83333333333333
489,481,2013-05-16 14:00:00,3.75
490,481,2013-05-16 15:00:00,4
491,481,2013-05-16 16:00:00,4.16666666666667
492,481,2014-01-27 08:00:00,4.45
493,481,2014-01-27 09:00:00,4
494,481,2014-01-27 10:00:00,4
495,481,2014-01-27 11:00:00,4
496,481,2014-01-27 12:00:00,4.55
497,485,2013-12-20 16:00:00,7.53333333333333
498,485,2013-12-20 17:00:00,7
499,485,2013-12-20 18:00:00,7.46666666666667
500,486,2013-05-16 13:00:00,2.81666666666667
501,486,2013-05-16 14:00:00,2
502,486,2013-05-16 15:00:00,2
503,486,2013-05-16 16:00:00,2.18333333333333
504,488,2013-05-16 13:00:00,13.85
505,488,2013-05-16 14:00:00,13
506,488,2013-05-16 15:00:00,13.15
507,488,2013-12-20 16:00:00,13.3333333333333
508,488,2014-01-27 07:00:00,13.7
509,488,2014-01-27 08:00:00,13
510,488,2014-01-27 09:00:00,13.3
511,490,2014-01-27 08:00:00,4.16666666666667
512,490,2014-01-27 09:00:00,4
513,490,2014-01-27 10:00:00,4
514,490,2014-01-27 11:00:00,4
515,490,2014-01-27 12:00:00,4.83333333333333
516,491,2013-12-20 16:00:00,8.46666666666667
517,491,2013-12-20 17:00:00,8
518,491,2013-12-20 18:00:00,8.53333333333333
519,493,2013-05-16 13:00:00,11.9166666666667
520,493,2013-05-16 14:00:00,11
521,493,2013-05-16 15:00:00,11.0833333333333
522,494,2014-01-27 08:00:00,14.1666666666667
523,494,2014-01-27 09:00:00,14
524,494,2014-01-27 10:00:00,14.8333333333333
525,501,2013-12-20 16:00:00,12.95
526,501,2013-12-20 17:00:00,12.7166666666667
527,508,2013-12-20 16:00:00,1.61666666666667
528,508,2013-12-20 17:00:00,1
529,508,2013-12-20 18:00:00,1.38333333333333
530,510,2013-12-20 16:00:00,8.15
531,510,2013-12-20 17:00:00,7.26666666666667
532,510,2013-12-20 18:00:00,8.5
533,512,2013-05-16 13:00:00,4.91666666666667
534,512,2013-05-16 14:00:00,4
535,512,2013-05-16 15:00:00,4.58333333333333
536,516,2013-12-20 16:00:00,3.75
537,516,2013-12-20 17:00:00,3.25
538,518,2014-01-27 08:00:00,5.45
539,518,2014-01-27 09:00:00,5
540,518,2014-01-27 10:00:00,5.55
541,522,2013-05-16 13:00:00,11.85
542,522,2013-05-16 14:00:00,11
543,522,2013-05-16 15:00:00,11.65
544,524,2013-12-20 16:00:00,2.06666666666667
545,524,2013-12-20 17:00:00,1.96666666666667
546,524,2013-12-20 18:00:00,2.46666666666667
547,525,2013-12-20 16:00:00,2.28333333333333
548,525,2013-12-20 17:00:00,1
549,525,2013-12-20 18:00:00,2.01666666666667
550,526,2013-12-20 16:00:00,5.31666666666667
551,526,2013-12-20 17:00:00,5.68333333333333
552,534,2013-05-16 13:00:00,8.75
553,534,2013-05-16 14:00:00,7.5
554,537,2013-12-20 16:00:00,5.61666666666667
555,537,2013-12-20 17:00:00,5
556,537,2013-12-20 18:00:00,5.38333333333333
557,541,2013-12-20 16:00:00,2.71666666666667
558,541,2013-12-20 17:00:00,2
559,541,2013-12-20 18:00:00,2.28333333333333
560,544,2013-12-20 16:00:00,5.45
561,544,2013-12-20 17:00:00,5
562,544,2013-12-20 18:00:00,5.55
563,545,2014-01-27 08:00:00,1.45
564,545,2014-01-27 09:00:00,1.88333333333333
565,546,2013-05-16 13:00:00,10.9
566,546,2013-05-16 14:00:00,10
567,546,2013-05-16 15:00:00,10.1
568,547,2013-12-20 16:00:00,4.83333333333333
569,547,2013-12-20 17:00:00,4.41666666666667
570,552,2013-12-20 16:00:00,3.45
571,552,2013-12-20 17:00:00,3
572,552,2013-12-20 18:00:00,3.55
573,553,2013-12-20 16:00:00,2.65
574,553,2013-12-20 17:00:00,2.85
575,557,2013-12-20 16:00:00,5.6
576,557,2013-12-20 17:00:00,5.4
577,561,2013-12-20 16:00:00,10.5
578,561,2014-01-27 08:00:00,9.9
579,561,2014-01-27 09:00:00,9.05
580,561,2014-01-27 10:00:00,10.55
581,562,2013-05-16 13:00:00,3.83333333333333
582,562,2013-05-16 14:00:00,2.08333333333333
583,562,2013-05-16 15:00:00,2.16666666666667
584,562,2013-05-16 16:00:00,3
585,562,2013-05-16 17:00:00,3.91666666666667
586,562,2013-12-20 16:00:00,3.91666666666667
587,562,2013-12-20 17:00:00,3.08333333333333
588,563,2013-05-16 13:00:00,3.75
589,563,2013-05-16 14:00:00,3.25
590,564,2013-12-20 16:00:00,5.6
591,564,2013-12-20 17:00:00,5
592,564,2013-12-20 18:00:00,5.48333333333333
593,568,2013-05-16 13:00:00,5.83333333333333
594,568,2013-05-16 14:00:00,5.16666666666667
595,568,2013-12-20 16:00:00,5.46666666666667
596,568,2013-12-20 17:00:00,4.53333333333333
597,569,2013-05-16 13:00:00,2.98333333333333
598,569,2013-05-16 14:00:00,2.01666666666667
599,570,2013-05-16 14:00:00,7.05
600,570,2013-05-16 15:00:00,7.95
601,570,2013-12-20 16:00:00,7.45
602,570,2013-12-20 17:00:00,7.55
603,570,2014-01-27 08:00:00,7.45
604,570,2014-01-27 09:00:00,7.88333333333333
605,571,2013-12-20 16:00:00,5.58333333333333
606,571,2013-12-20 17:00:00,5
607,571,2013-12-20 18:00:00,5.41666666666667
608,572,2013-12-20 16:00:00,8.81666666666667
609,572,2013-12-20 17:00:00,8.93333333333333
610,575,2013-12-20 16:00:00,1.56666666666667
611,576,2013-12-20 16:00:00,7.75
612,576,2014-01-27 08:00:00,6.9
613,576,2014-01-27 09:00:00,6
614,576,2014-01-27 10:00:00,6
615,576,2014-01-27 11:00:00,6
616,576,2014-01-27 12:00:00,7.1
617,578,2013-12-20 16:00:00,5.53333333333333
618,578,2013-12-20 17:00:00,5
619,578,2013-12-20 18:00:00,5.46666666666667
620,581,2013-05-16 14:00:00,6.05
621,581,2013-05-16 15:00:00,6
622,581,2013-05-16 16:00:00,6
623,581,2013-05-16 17:00:00,6
624,581,2013-05-16 18:00:00,6.95
625,583,2013-05-16 14:00:00,9.05
626,583,2013-05-16 15:00:00,9.95
627,585,2013-12-20 16:00:00,9.6
628,585,2013-12-20 17:00:00,9.4
629,586,2013-12-20 16:00:00,9.5
630,586,2013-12-20 17:00:00,9.5
631,586,2014-01-27 08:00:00,9.45
632,586,2014-01-27 09:00:00,9.88333333333333
633,594,2013-12-20 16:00:00,5.36666666666667
634,594,2013-12-20 17:00:00,5.3
635,595,2013-05-16 13:00:00,7.55
636,595,2013-05-16 14:00:00,7
637,595,2013-05-16 15:00:00,7.78333333333333
638,596,2013-12-20 16:00:00,2.83333333333333
639,596,2013-12-20 17:00:00,2.41666666666667
640,598,2013-05-16 13:00:00,6.93333333333333
641,598,2013-05-16 14:00:00,6.4
642,601,2013-05-16 13:00:00,6.88333333333333
643,601,2013-05-16 14:00:00,6
644,601,2013-05-16 15:00:00,6.11666666666667
645,606,2013-12-20 16:00:00,4.71666666666667
646,606,2013-12-20 17:00:00,4.28333333333333
647,607,2013-12-20 16:00:00,4.73333333333333
648,607,2013-12-20 17:00:00,4.68333333333333
649,607,2013-12-20 18:00:00,5.5
650,608,2013-12-20 16:00:00,2.73333333333333
651,608,2013-12-20 17:00:00,2.26666666666667
652,611,2013-12-20 16:00:00,2.63333333333333
653,611,2013-12-20 17:00:00,2
654,611,2013-12-20 18:00:00,2.36666666666667
655,615,2013-05-16 13:00:00,10.9833333333333
656,615,2013-05-16 14:00:00,10
657,615,2013-05-16 15:00:00,10.5166666666667
658,615,2013-12-20 16:00:00,10.7166666666667
659,615,2013-12-20 17:00:00,10.2833333333333
660,618,2013-12-20 16:00:00,2.38333333333333
661,618,2013-12-20 17:00:00,2
662,618,2013-12-20 18:00:00,2.53333333333333
663,620,2013-05-16 13:00:00,5.91666666666667
664,620,2013-05-16 14:00:00,5
665,620,2013-05-16 15:00:00,5
666,620,2013-05-16 16:00:00,5
667,620,2013-05-16 17:00:00,5.08333333333333
668,620,2013-12-20 16:00:00,5.31666666666667
669,620,2013-12-20 17:00:00,5
670,620,2013-12-20 18:00:00,5.48333333333333
671,623,2013-12-20 16:00:00,8.35
672,623,2013-12-20 17:00:00,8.65
673,635,2013-05-16 14:00:00,8.03333333333333
674,635,2013-05-16 15:00:00,8.96666666666667
675,635,2013-12-20 16:00:00,8.21666666666667
676,635,2013-12-20 17:00:00,8.78333333333333
677,636,2013-12-20 16:00:00,7.83333333333333
678,636,2013-12-20 17:00:00,7.16666666666667
679,638,2014-01-27 08:00:00,5.45
680,638,2014-01-27 09:00:00,5
681,638,2014-01-27 10:00:00,5
682,638,2014-01-27 11:00:00,5
683,638,2014-01-27 12:00:00,5.55
684,639,2013-12-20 16:00:00,11.5333333333333
685,639,2013-12-20 17:00:00,11.9666666666667
686,640,2013-05-16 14:00:00,11.05
687,640,2013-05-16 15:00:00,11.95
688,640,2013-12-20 16:00:00,11.6166666666667
689,640,2013-12-20 17:00:00,10.2833333333333
690,640,2013-12-20 18:00:00,11.5
691,648,2013-12-20 16:00:00,5.58333333333333
692,648,2013-12-20 17:00:00,5.25
693,650,2013-05-16 13:00:00,10.85
694,650,2013-05-16 14:00:00,10.4833333333333
695,651,2013-12-20 16:00:00,9.86666666666667
696,651,2013-12-20 17:00:00,8.7
697,651,2013-12-20 18:00:00,10.6
698,652,2013-05-16 13:00:00,13.9333333333333
699,652,2013-12-20 16:00:00,13.75
700,657,2013-05-16 13:00:00,5.85
701,657,2013-05-16 14:00:00,5.15
702,657,2014-01-27 08:00:00,4.85
703,657,2014-01-27 09:00:00,4
704,657,2014-01-27 10:00:00,4.55
705,657,2014-01-27 11:00:00,5.6
706,658,2013-12-20 16:00:00,5.36666666666667
707,658,2013-12-20 17:00:00,5
708,658,2013-12-20 18:00:00,5.38333333333333
709,658,2014-01-27 08:00:00,5.45
710,658,2014-01-27 09:00:00,5
711,658,2014-01-27 10:00:00,5
712,658,2014-01-27 11:00:00,5
713,658,2014-01-27 12:00:00,5.55
714,660,2013-05-16 13:00:00,5.73333333333333
715,660,2013-05-16 14:00:00,4.85
716,660,2013-05-16 15:00:00,5.66666666666667
717,666,2013-05-16 13:00:00,18.8166666666667
718,666,2013-05-16 14:00:00,18.1833333333333
719,666,2013-12-20 16:00:00,18.4666666666667
720,666,2013-12-20 17:00:00,18.7833333333333
721,667,2013-05-16 14:00:00,10.05
722,667,2013-05-16 15:00:00,10.95
723,667,2013-12-20 16:00:00,10.7333333333333
724,667,2013-12-20 17:00:00,10
725,667,2013-12-20 18:00:00,10.2666666666667
726,668,2013-12-20 16:00:00,18.8166666666667
727,668,2013-12-20 17:00:00,18.85
728,678,2013-05-16 14:00:00,7.03333333333333
729,678,2013-05-16 15:00:00,7
730,678,2013-05-16 16:00:00,7
731,678,2013-05-16 17:00:00,7
732,678,2013-05-16 18:00:00,7.96666666666667
733,679,2013-12-20 16:00:00,12.3
734,679,2013-12-20 17:00:00,12
735,679,2013-12-20 18:00:00,12.6
736,680,2013-12-20 16:00:00,11.2166666666667
737,680,2013-12-20 17:00:00,11
738,680,2013-12-20 18:00:00,11.7833333333333
739,683,2013-05-16 13:00:00,4.9
740,683,2013-05-16 14:00:00,4.76666666666667
741,684,2013-05-16 14:00:00,12.05
742,684,2013-05-16 15:00:00,12.95
743,684,2013-12-20 16:00:00,11.9666666666667
744,684,2013-12-20 17:00:00,11.2666666666667
745,684,2013-12-20 18:00:00,12.2666666666667
746,685,2013-05-16 13:00:00,4.88333333333333
747,685,2013-05-16 14:00:00,3.66666666666667
748,685,2013-05-16 15:00:00,4.11666666666667
749,685,2013-12-20 16:00:00,4.4
750,685,2013-12-20 17:00:00,4.76666666666667
751,689,2013-05-16 13:00:00,7.98333333333333
752,689,2013-05-16 14:00:00,7.01666666666667
753,690,2013-12-20 16:00:00,9.98333333333333
754,690,2013-12-20 17:00:00,9
755,690,2013-12-20 18:00:00,9.5
756,691,2013-05-16 13:00:00,5.85
757,691,2013-05-16 14:00:00,5
758,691,2013-05-16 15:00:00,5.65
759,695,2013-12-20 16:00:00,10.5833333333333
760,695,2013-12-20 17:00:00,10
761,695,2013-12-20 18:00:00,10.4166666666667
762,695,2014-01-27 08:00:00,10.45
763,695,2014-01-27 09:00:00,10.55
764,696,2013-05-16 13:00:00,12.3333333333333
765,696,2013-05-16 14:00:00,12.25
766,696,2013-12-20 16:00:00,12.9833333333333
767,700,2013-12-20 16:00:00,5.5
768,700,2013-12-20 17:00:00,5.5
769,702,2013-05-16 13:00:00,3.83333333333333
770,702,2013-05-16 14:00:00,3
771,704,2013-05-16 13:00:00,14.5
772,706,2013-05-16 13:00:00,14.8333333333333
773,706,2013-05-16 14:00:00,14
774,706,2013-05-16 15:00:00,14
775,706,2013-05-16 16:00:00,14
776,706,2013-05-16 17:00:00,14.1666666666667
777,707,2013-05-16 13:00:00,9.55
778,707,2013-05-16 14:00:00,9.28333333333333
779,709,2013-12-20 16:00:00,19.75
780,709,2014-01-27 08:00:00,19.45
781,709,2014-01-27 09:00:00,19
782,709,2014-01-27 10:00:00,19.55
783,716,2013-12-20 16:00:00,11.1166666666667
784,716,2013-12-20 17:00:00,11.3833333333333
785,717,2013-12-20 16:00:00,11.7
786,717,2013-12-20 17:00:00,10.7333333333333
787,717,2013-12-20 18:00:00,11.5666666666667
788,719,2013-12-20 16:00:00,10.5
789,720,2013-05-16 13:00:00,6.83333333333333
790,720,2013-05-16 14:00:00,6
791,720,2013-12-20 16:00:00,6.21666666666667
792,720,2013-12-20 17:00:00,6.53333333333333
793,725,2013-12-20 16:00:00,5.5
794,729,2014-01-27 08:00:00,7.45
795,729,2014-01-27 09:00:00,7
796,729,2014-01-27 10:00:00,7
797,729,2014-01-27 11:00:00,7
798,729,2014-01-27 12:00:00,7.55
799,732,2013-05-16 13:00:00,8.85
800,732,2013-05-16 14:00:00,8.15
801,733,2014-01-27 07:00:00,9.7
802,733,2014-01-27 08:00:00,9
803,733,2014-01-27 09:00:00,9
804,733,2014-01-27 10:00:00,9.3
805,735,2013-12-20 16:00:00,6.48333333333333
806,735,2013-12-20 17:00:00,6.51666666666667
807,737,2013-05-16 14:00:00,16.5
808,745,2013-12-20 16:00:00,7.73333333333333
809,745,2013-12-20 17:00:00,8.26666666666667
810,747,2013-12-20 16:00:00,9.31666666666667
811,747,2013-12-20 17:00:00,9
812,747,2013-12-20 18:00:00,9.48333333333333
813,751,2013-12-20 16:00:00,4.91666666666667
814,751,2013-12-20 17:00:00,4
815,751,2013-12-20 18:00:00,4.08333333333333
816,752,2013-12-20 16:00:00,11.45
817,752,2013-12-20 17:00:00,11
818,752,2013-12-20 18:00:00,11.3833333333333
819,756,2013-12-20 16:00:00,4.4
820,756,2013-12-20 17:00:00,4
821,756,2013-12-20 18:00:00,4.6
822,760,2013-12-20 16:00:00,5.61666666666667
823,760,2013-12-20 17:00:00,5
824,760,2013-12-20 18:00:00,5.88333333333333
825,770,2013-05-28 12:00:00,6.81666666666667
826,770,2013-05-28 13:00:00,6
827,770,2013-05-28 14:00:00,6.18333333333333
828,778,2013-12-20 16:00:00,7.6
829,778,2013-12-20 17:00:00,7
830,778,2013-12-20 18:00:00,7.9
831,780,2013-05-16 13:00:00,15.9833333333333
832,780,2013-05-16 14:00:00,15
833,780,2013-05-16 15:00:00,15
834,780,2013-05-16 16:00:00,15
835,780,2013-05-16 17:00:00,15.0166666666667
836,781,2013-05-16 13:00:00,7.75
837,781,2013-05-16 14:00:00,7.25
838,783,2014-01-27 08:00:00,5.45
839,783,2014-01-27 09:00:00,5
840,783,2014-01-27 10:00:00,5
841,783,2014-01-27 11:00:00,5
842,783,2014-01-27 12:00:00,5.55
843,784,2014-01-27 08:00:00,9.4
844,784,2014-01-27 09:00:00,9
845,784,2014-01-27 10:00:00,9.6
846,793,2013-05-16 14:00:00,4
847,799,2014-01-27 08:00:00,6.45
848,799,2014-01-27 09:00:00,6.03333333333333
849,802,2013-05-16 13:00:00,5.88333333333333
850,802,2013-05-16 14:00:00,5
851,802,2013-05-16 15:00:00,5
852,802,2013-05-16 16:00:00,5
853,802,2013-05-16 17:00:00,5.11666666666667
854,803,2013-05-16 14:00:00,3.03333333333333
855,803,2013-05-16 15:00:00,3
856,803,2013-05-16 16:00:00,3.96666666666667
857,813,2013-12-20 16:00:00,5.38333333333333
858,813,2013-12-20 17:00:00,5
859,813,2013-12-20 18:00:00,5.5
860,815,2013-12-20 16:00:00,3.83333333333333
861,815,2013-12-20 17:00:00,3
862,815,2013-12-20 18:00:00,3.41666666666667
863,818,2014-01-27 08:00:00,5.5
864,826,2013-05-16 13:00:00,2.98333333333333
865,826,2013-05-16 14:00:00,2.01666666666667
866,826,2013-12-20 16:00:00,2.76666666666667
867,826,2013-12-20 17:00:00,2
868,826,2013-12-20 18:00:00,2.23333333333333
869,831,2013-05-16 13:00:00,5.83333333333333
870,831,2013-05-16 14:00:00,5
871,831,2013-05-16 15:00:00,5
872,831,2013-05-16 16:00:00,5.16666666666667
873,835,2013-12-20 16:00:00,1.35
874,835,2013-12-20 17:00:00,1.65
875,836,2013-05-16 13:00:00,5.9
876,836,2013-05-16 14:00:00,5.76666666666667
877,861,2013-12-20 16:00:00,11.4666666666667
878,861,2013-12-20 17:00:00,11
879,861,2013-12-20 18:00:00,11.5
880,863,2013-05-16 14:00:00,4.08333333333333
881,863,2013-05-16 15:00:00,4.91666666666667
882,864,2013-05-16 14:00:00,7.03333333333333
883,864,2013-05-16 15:00:00,7.96666666666667
884,864,2013-12-20 16:00:00,6.75
885,864,2013-12-20 17:00:00,6
886,864,2013-12-20 18:00:00,6.96666666666667
887,866,2013-05-16 14:00:00,7.33333333333333
888,867,2013-05-16 13:00:00,4.95
889,867,2013-05-16 14:00:00,4.05
890,868,2013-05-16 14:00:00,4.05
891,868,2013-05-16 15:00:00,4.95
892,871,2014-01-27 08:00:00,2.4
893,871,2014-01-27 09:00:00,2
894,871,2014-01-27 10:00:00,2.6
895,876,2013-05-16 13:00:00,1.91666666666667
896,876,2013-05-16 14:00:00,1
897,876,2013-05-16 15:00:00,1.58333333333333
898,878,2014-01-27 08:00:00,3.4
899,878,2014-01-27 09:00:00,3.6
900,880,2013-05-16 13:00:00,5.9
901,880,2013-05-16 14:00:00,5
902,880,2013-05-16 15:00:00,5
903,880,2013-05-16 16:00:00,5
904,880,2013-05-16 17:00:00,5.1
905,881,2013-12-20 17:00:00,1.15
906,881,2013-12-20 18:00:00,1.51666666666667
907,888,2013-05-16 13:00:00,12.8333333333333
908,888,2013-05-16 14:00:00,12
909,888,2013-05-16 15:00:00,12
910,888,2013-05-16 16:00:00,12.6666666666667
911,891,2013-12-20 16:00:00,7.48333333333333
912,891,2013-12-20 17:00:00,7.51666666666667
913,893,2013-05-16 14:00:00,4.08333333333333
914,893,2013-05-16 15:00:00,4.91666666666667
915,893,2014-01-27 08:00:00,4.45
916,893,2014-01-27 09:00:00,4
917,893,2014-01-27 10:00:00,4
918,893,2014-01-27 11:00:00,4
919,893,2014-01-27 12:00:00,4.55
920,895,2013-05-16 13:00:00,2.86666666666667
921,895,2013-05-16 14:00:00,2.88333333333333
922,908,2013-05-16 13:00:00,5.86666666666667
923,908,2013-05-16 14:00:00,5.13333333333333
924,909,2013-05-16 14:00:00,11.25
925,909,2013-12-20 16:00:00,11.6166666666667
926,909,2013-12-20 17:00:00,11.3833333333333
927,910,2014-01-27 08:00:00,3.45
928,910,2014-01-27 09:00:00,3
929,910,2014-01-27 10:00:00,3
930,910,2014-01-27 11:00:00,3
931,910,2014-01-27 12:00:00,3.55
932,911,2013-05-16 13:00:00,4.66666666666667
933,917,2013-05-16 13:00:00,11.85
934,917,2013-05-16 14:00:00,11
935,917,2013-05-16 15:00:00,11.15
936,919,2013-05-16 14:00:00,13.0666666666667
937,919,2013-05-16 15:00:00,13.9333333333333
938,919,2013-12-20 16:00:00,13.4166666666667
939,919,2013-12-20 17:00:00,13.5833333333333
940,920,2013-05-16 13:00:00,3.86666666666667
941,920,2013-05-16 14:00:00,3
942,920,2013-05-16 15:00:00,3.13333333333333
943,921,2013-05-16 13:00:00,7.98333333333333
944,921,2013-05-16 14:00:00,7.01666666666667
945,922,2013-12-20 16:00:00,10.6166666666667
946,922,2013-12-20 17:00:00,10.3833333333333
947,923,2013-12-20 16:00:00,1.45
948,923,2013-12-20 17:00:00,1
949,923,2013-12-20 18:00:00,1.48333333333333
950,926,2013-05-16 13:00:00,5.86666666666667
951,926,2013-05-16 14:00:00,5.88333333333333
952,934,2013-05-16 13:00:00,10.8166666666667
953,934,2013-05-16 14:00:00,9
954,934,2013-05-16 15:00:00,9.51666666666667
955,934,2013-05-16 16:00:00,10.1666666666667
956,936,2013-12-20 16:00:00,1.56666666666667
957,936,2013-12-20 17:00:00,1.43333333333333
958,938,2013-12-20 16:00:00,2.58333333333333
959,938,2013-12-20 17:00:00,2.41666666666667
960,943,2013-05-16 14:00:00,9.75
961,944,2013-05-16 13:00:00,5.85
962,944,2013-05-16 14:00:00,5
963,944,2013-05-16 15:00:00,5.73333333333333
964,944,2013-12-20 16:00:00,5.45
965,944,2013-12-20 17:00:00,5.55
966,945,2014-01-27 08:00:00,12.45
967,945,2014-01-27 09:00:00,12
968,945,2014-01-27 10:00:00,12
969,945,2014-01-27 11:00:00,12
970,945,2014-01-27 12:00:00,12.55
971,946,2013-12-20 16:00:00,7.25
972,946,2013-12-20 17:00:00,7.58333333333333
973,947,2013-12-20 16:00:00,5.88333333333333
974,947,2013-12-20 17:00:00,4.23333333333333
975,947,2013-12-20 18:00:00,5.88333333333333
976,949,2013-05-16 13:00:00,3.83333333333333
977,949,2013-05-16 14:00:00,3.16666666666667
978,950,2013-05-16 14:00:00,13.0333333333333
979,950,2013-05-16 15:00:00,13.7166666666667
980,955,2013-12-20 16:00:00,26.75
981,955,2013-05-28 12:00:00,26.8166666666667
982,955,2013-05-28 13:00:00,26
983,955,2013-05-28 14:00:00,26.6833333333333
984,962,2013-12-20 16:00:00,6.23333333333333
985,962,2013-12-20 17:00:00,6
986,962,2013-12-20 18:00:00,6.5
987,963,2013-12-20 16:00:00,6.16666666666667
988,963,2013-12-20 17:00:00,4.08333333333333
989,963,2013-12-20 18:00:00,5.75
990,963,2014-01-27 08:00:00,6.5
991,964,2013-05-16 13:00:00,5.98333333333333
992,964,2013-05-16 14:00:00,5.01666666666667
993,975,2013-05-16 13:00:00,9.83333333333333
994,975,2013-05-16 14:00:00,9.96666666666667
995,975,2013-12-20 16:00:00,9.23333333333333
996,975,2013-12-20 17:00:00,9
997,975,2013-12-20 18:00:00,9.76666666666667
998,975,2014-01-27 08:00:00,9.45
999,975,2014-01-27 09:00:00,9.05
1000,989,2013-05-16 13:00:00,6.9
1001,989,2013-05-16 14:00:00,6
1002,989,2013-05-16 15:00:00,6.1
1003,992,2013-12-20 16:00:00,9.26666666666667
1004,992,2013-12-20 17:00:00,9.73333333333333
1005,995,2013-05-16 13:00:00,9.98333333333333
1006,995,2013-05-16 14:00:00,9
1007,995,2013-05-16 15:00:00,9
1008,995,2013-05-16 16:00:00,9.01666666666667
1009,1001,2013-05-16 14:00:00,6
1010,1001,2013-12-20 16:00:00,6.48333333333333
1011,1001,2013-12-20 17:00:00,6.85
1012,1007,2013-05-16 14:00:00,7.5
1013,1008,2013-12-20 16:00:00,1.75
1014,1008,2013-12-20 17:00:00,1
1015,1008,2013-12-20 18:00:00,1.5
1016,1010,2013-05-16 13:00:00,10.85
1017,1010,2013-05-16 14:00:00,9.03333333333333
1018,1010,2013-05-16 15:00:00,9.15
1019,1010,2013-05-16 16:00:00,10
1020,1010,2013-05-16 17:00:00,10
1021,1010,2013-05-16 18:00:00,10.9666666666667
1022,1011,2013-05-16 13:00:00,4.83333333333333
1023,1011,2013-05-16 14:00:00,4
1024,1011,2013-05-16 15:00:00,4
1025,1011,2013-05-16 16:00:00,4.16666666666667
1026,1012,2013-05-16 14:00:00,5.05
1027,1012,2013-05-16 15:00:00,5.95
1028,1012,2013-05-28 12:00:00,5.81666666666667
1029,1012,2013-05-28 13:00:00,5
1030,1012,2013-05-28 14:00:00,5
1031,1012,2013-05-28 15:00:00,5
1032,1012,2013-05-28 16:00:00,5.18333333333333
1033,1013,2013-12-20 16:00:00,7.58333333333333
1034,1013,2013-12-20 17:00:00,7
1035,1013,2013-12-20 18:00:00,7.41666666666667
1036,1013,2014-01-27 08:00:00,7.4
1037,1013,2014-01-27 09:00:00,7.6
1038,1014,2013-05-16 13:00:00,3.86666666666667
1039,1014,2013-05-16 14:00:00,3.3
1040,1021,2013-05-16 13:00:00,29.2333333333333
1041,1021,2013-05-16 14:00:00,27
1042,1021,2013-05-16 15:00:00,28.2166666666667
1043,1021,2013-05-16 16:00:00,29.05
1044,1021,2013-12-20 16:00:00,27.9833333333333
1045,1021,2013-12-20 17:00:00,27.0166666666667
1046,1021,2013-12-20 18:00:00,29.25
1047,1021,2014-01-27 08:00:00,29.45
1048,1021,2014-01-27 09:00:00,29.05
1049,1022,2013-05-16 13:00:00,31.8666666666667
1050,1022,2013-05-16 14:00:00,30.75
1051,1022,2013-05-16 15:00:00,31.1333333333333
1052,1022,2013-12-20 16:00:00,31.45
1053,1022,2013-12-20 17:00:00,31.55
1054,1025,2013-05-16 14:00:00,9.05
1055,1025,2013-05-16 15:00:00,9.95
1056,1027,2013-05-16 13:00:00,14.9833333333333
1057,1027,2013-05-16 14:00:00,14
1058,1027,2013-05-16 15:00:00,14.0166666666667
1059,1027,2013-12-20 16:00:00,14.5666666666667
1060,1027,2013-12-20 17:00:00,14.9333333333333
1061,1030,2013-12-20 16:00:00,20.4
1062,1030,2013-12-20 17:00:00,20
1063,1030,2013-12-20 18:00:00,20.6
1064,1031,2013-12-20 16:00:00,12.7333333333333
1065,1031,2013-12-20 17:00:00,12
1066,1031,2013-12-20 18:00:00,12.4833333333333
1067,1034,2013-05-16 14:00:00,5.05
1068,1034,2013-05-16 15:00:00,5.95
1069,1035,2013-05-16 14:00:00,16.75
1070,1039,2014-01-27 08:00:00,8.45
1071,1039,2014-01-27 09:00:00,8
1072,1039,2014-01-27 10:00:00,8.55
1073,1040,2013-12-20 16:00:00,5.65
1074,1040,2013-12-20 17:00:00,5.85
1075,1041,2013-12-20 16:00:00,5.01666666666667
1076,1041,2013-12-20 17:00:00,5.23333333333333
1077,1042,2013-12-20 16:00:00,4.96666666666667
1078,1042,2013-12-20 17:00:00,4
1079,1042,2013-12-20 18:00:00,4.46666666666667
1080,1044,2013-05-16 13:00:00,4.9
1081,1044,2013-05-16 14:00:00,4
1082,1044,2013-05-16 15:00:00,4
1083,1044,2013-05-16 16:00:00,4.93333333333333
1084,1045,2014-01-27 08:00:00,5.16666666666667
1085,1045,2014-01-27 09:00:00,5
1086,1045,2014-01-27 10:00:00,5
1087,1045,2014-01-27 11:00:00,5
1088,1045,2014-01-27 12:00:00,5.83333333333333
1089,1046,2014-01-27 08:00:00,4.45
1090,1046,2014-01-27 09:00:00,4
1091,1046,2014-01-27 10:00:00,4
1092,1046,2014-01-27 11:00:00,4
1093,1046,2014-01-27 12:00:00,4.55
1094,1047,2013-05-16 13:00:00,9.95
1095,1047,2013-05-16 14:00:00,9.05
1096,1048,2013-05-16 13:00:00,25.7333333333333
1097,1048,2013-05-16 14:00:00,24.8833333333333
1098,1048,2013-05-16 15:00:00,25.1333333333333
1099,1048,2013-12-20 16:00:00,24.1666666666667
1100,1048,2013-12-20 17:00:00,23.6666666666667
1101,1048,2013-12-20 18:00:00,25.4166666666667
1102,1052,2013-12-20 16:00:00,5.76666666666667
1103,1052,2013-12-20 17:00:00,5
1104,1052,2013-12-20 18:00:00,5.23333333333333
1105,1053,2013-12-20 16:00:00,4.58333333333333
1106,1053,2013-12-20 17:00:00,4.41666666666667
1107,1058,2013-05-16 14:00:00,6.03333333333333
1108,1058,2013-05-16 15:00:00,6.96666666666667
1109,1059,2013-12-20 16:00:00,7.88333333333333
1110,1059,2013-12-20 17:00:00,7
1111,1059,2013-12-20 18:00:00,7.48333333333333
1112,1063,2013-12-20 16:00:00,9.98333333333333
1113,1063,2013-12-20 17:00:00,9.51666666666667
1114,1064,2013-05-16 13:00:00,6.95
1115,1064,2013-05-16 14:00:00,6.05
1116,1066,2013-12-20 16:00:00,9.7
1117,1066,2013-12-20 17:00:00,9
1118,1066,2013-12-20 18:00:00,9.55
1119,1070,2013-05-16 13:00:00,5.95
1120,1070,2013-05-16 14:00:00,5
1121,1070,2013-05-16 15:00:00,5
1122,1070,2013-05-16 16:00:00,5.05
1123,1072,2013-12-20 17:00:00,5.11666666666667
1124,1072,2013-12-20 18:00:00,5.88333333333333
1125,1073,2013-05-16 13:00:00,5.88333333333333
1126,1073,2013-05-16 14:00:00,5
1127,1073,2013-05-16 15:00:00,5.11666666666667
1128,1076,2013-12-20 16:00:00,5.98333333333333
1129,1076,2013-12-20 17:00:00,5.01666666666667
1130,1076,2014-01-27 08:00:00,5.45
1131,1076,2014-01-27 09:00:00,5
1132,1076,2014-01-27 10:00:00,5
1133,1076,2014-01-27 11:00:00,5
1134,1076,2014-01-27 12:00:00,5.55
1135,1077,2013-05-16 13:00:00,13.8666666666667
1136,1077,2013-05-16 14:00:00,13
1137,1077,2013-05-16 15:00:00,13
1138,1077,2013-05-16 16:00:00,13.1333333333333
1139,1077,2013-12-20 16:00:00,13.9833333333333
1140,1077,2013-12-20 17:00:00,13.5166666666667
1141,1078,2013-05-16 14:00:00,6.03333333333333
1142,1078,2013-05-16 15:00:00,6
1143,1078,2013-05-16 16:00:00,6.96666666666667
1144,1080,2013-05-16 13:00:00,13.8833333333333
1145,1080,2013-05-16 14:00:00,13
1146,1080,2013-05-16 15:00:00,13.1166666666667
1147,1080,2014-01-27 08:00:00,13.45
1148,1080,2014-01-27 09:00:00,13
1149,1080,2014-01-27 10:00:00,13.55
1150,1081,2013-05-16 13:00:00,11.9
1151,1081,2013-05-16 14:00:00,11.6
1152,1082,2013-12-20 16:00:00,10.5833333333333
1153,1082,2013-12-20 17:00:00,10.4166666666667
1154,1085,2013-12-20 16:00:00,12.75
1155,1085,2013-12-20 17:00:00,11.4
1156,1085,2013-12-20 18:00:00,12.5
1157,1089,2013-05-16 13:00:00,10.9
1158,1089,2013-05-16 14:00:00,10.6
1159,1099,2013-05-16 14:00:00,7.05
1160,1099,2013-05-16 15:00:00,7
1161,1099,2013-05-16 16:00:00,7.95
1162,1102,2013-12-20 16:00:00,8.63333333333333
1163,1102,2013-12-20 17:00:00,8
1164,1102,2013-12-20 18:00:00,8.36666666666667
1165,1105,2013-05-28 12:00:00,9.81666666666667
1166,1105,2013-05-28 13:00:00,9.98333333333333
1167,1106,2013-12-20 16:00:00,7.51666666666667
1168,1106,2013-12-20 17:00:00,7
1169,1106,2013-12-20 18:00:00,7.48333333333333
1170,1112,2014-01-27 08:00:00,4.5
1171,1114,2013-05-16 14:00:00,6.03333333333333
1172,1114,2013-05-16 15:00:00,6.96666666666667
1173,1116,2013-12-20 16:00:00,3.76666666666667
1174,1116,2013-12-20 17:00:00,3.23333333333333
1175,1116,2014-01-27 07:00:00,3.98333333333333
1176,1116,2014-01-27 08:00:00,3
1177,1116,2014-01-27 09:00:00,3
1178,1116,2014-01-27 10:00:00,3
1179,1116,2014-01-27 11:00:00,3.01666666666667
1180,1117,2013-12-20 16:00:00,9.7
1181,1117,2013-12-20 17:00:00,8.11666666666667
1182,1117,2013-12-20 18:00:00,8.86666666666667
1183,1119,2014-01-27 08:00:00,6.45
1184,1119,2014-01-27 09:00:00,6
1185,1119,2014-01-27 10:00:00,6
1186,1119,2014-01-27 11:00:00,6
1187,1119,2014-01-27 12:00:00,6.55
1188,1120,2013-05-16 14:00:00,6.08333333333333
1189,1120,2013-05-16 15:00:00,6
1190,1120,2013-05-16 16:00:00,6.41666666666667
1191,1127,2013-12-20 16:00:00,11.7666666666667
1192,1127,2013-12-20 17:00:00,10.35
1193,1127,2013-12-20 18:00:00,11
1194,1127,2013-12-20 19:00:00,11
1195,1127,2013-12-20 20:00:00,11
1196,1127,2013-12-20 21:00:00,11.8833333333333
1197,1129,2013-05-16 14:00:00,1.03333333333333
1198,1129,2013-05-16 15:00:00,1
1199,1129,2013-05-16 16:00:00,1
1200,1129,2013-05-16 17:00:00,1
1201,1129,2013-05-16 18:00:00,1.96666666666667
1202,1132,2013-05-16 14:00:00,3.08333333333333
1203,1132,2013-05-16 15:00:00,3
1204,1132,2013-05-16 16:00:00,3.25
1205,1133,2013-12-20 16:00:00,3.75
1206,1133,2013-12-20 17:00:00,3
1207,1133,2013-12-20 18:00:00,3.48333333333333
1208,1134,2013-05-16 13:00:00,4.98333333333333
1209,1134,2013-05-16 14:00:00,4.01666666666667
1210,1136,2013-05-16 13:00:00,5.86666666666667
1211,1136,2013-05-16 14:00:00,5.13333333333333
1212,1136,2013-12-20 16:00:00,5.6
1213,1136,2013-12-20 17:00:00,5
1214,1136,2013-12-20 18:00:00,5.48333333333333
1215,1137,2013-05-16 13:00:00,1.83333333333333
1216,1137,2013-05-16 14:00:00,1
1217,1137,2013-05-16 15:00:00,1.16666666666667
1218,1141,2013-05-16 14:00:00,7
1219,1142,2013-05-16 14:00:00,3
1220,1143,2013-12-20 16:00:00,4.63333333333333
1221,1143,2013-12-20 17:00:00,4
1222,1143,2013-12-20 18:00:00,4.53333333333333
1223,1146,2013-05-16 13:00:00,19.9833333333333
1224,1146,2013-05-16 14:00:00,19.0166666666667
1225,1146,2014-01-27 08:00:00,18.8
1226,1146,2014-01-27 09:00:00,18
1227,1146,2014-01-27 10:00:00,19.2
1228,1147,2013-05-16 14:00:00,9.03333333333333
1229,1147,2013-05-16 15:00:00,9
1230,1147,2013-05-16 16:00:00,9
1231,1147,2013-05-16 17:00:00,9
1232,1147,2013-05-16 18:00:00,9.96666666666667
1233,1147,2013-12-20 16:00:00,9.61666666666667
1234,1147,2013-12-20 17:00:00,9.88333333333333
1235,1148,2013-12-20 16:00:00,9.71666666666667
1236,1148,2013-12-20 17:00:00,9
1237,1148,2013-12-20 18:00:00,9
1238,1148,2013-12-20 19:00:00,9.28333333333333
1239,1149,2013-12-20 16:00:00,4.83333333333333
1240,1149,2013-12-20 17:00:00,4
1241,1149,2013-12-20 18:00:00,4.5
1242,1151,2013-05-28 12:00:00,1.81666666666667
1243,1151,2013-05-28 13:00:00,1
1244,1151,2013-05-28 14:00:00,1.18333333333333
1245,1155,2013-05-16 13:00:00,5.83333333333333
1246,1155,2013-05-16 14:00:00,5.16666666666667
1247,1155,2013-12-20 16:00:00,4.26666666666667
1248,1155,2013-12-20 17:00:00,3
1249,1155,2013-12-20 18:00:00,4.61666666666667
1250,1160,2014-01-27 06:00:00,8.16666666666667
1251,1160,2014-01-27 07:00:00,8
1252,1160,2014-01-27 08:00:00,8
1253,1160,2014-01-27 09:00:00,8
1254,1160,2014-01-27 10:00:00,8.83333333333333
1255,1163,2013-12-20 17:00:00,8.75
1256,1167,2013-12-20 17:00:00,2.35
1257,1167,2013-12-20 18:00:00,2.48333333333333
1258,1169,2013-05-16 13:00:00,4.73333333333333
1259,1169,2013-05-16 14:00:00,3.01666666666667
1260,1169,2013-05-16 15:00:00,4.15
1261,1169,2013-12-20 16:00:00,4.66666666666667
1262,1170,2013-12-20 16:00:00,7.7
1263,1170,2013-12-20 17:00:00,5.23333333333333
1264,1170,2013-12-20 18:00:00,6.26666666666667
1265,1173,2013-12-20 16:00:00,2.75
1266,1173,2013-12-20 17:00:00,2
1267,1173,2013-12-20 18:00:00,2.5
1268,1187,2013-05-16 13:00:00,8.9
1269,1187,2013-05-16 14:00:00,8.01666666666667
1270,1191,2013-12-20 16:00:00,15.7333333333333
1271,1191,2013-12-20 17:00:00,15
1272,1191,2013-12-20 18:00:00,15
1273,1191,2013-12-20 19:00:00,15
1274,1191,2013-12-20 20:00:00,15.2666666666667
1275,1192,2013-12-20 16:00:00,9.48333333333333
1276,1192,2013-12-20 17:00:00,9
1277,1192,2013-12-20 18:00:00,9.51666666666667
1278,1193,2014-01-27 08:00:00,3.45
1279,1193,2014-01-27 09:00:00,3
1280,1193,2014-01-27 10:00:00,3
1281,1193,2014-01-27 11:00:00,3
1282,1193,2014-01-27 12:00:00,3.55
1283,1194,2013-12-20 16:00:00,2.66666666666667
1284,1196,2013-05-16 13:00:00,3.95
1285,1196,2013-05-16 14:00:00,3.46666666666667
1286,1198,2013-05-16 13:00:00,5.9
1287,1198,2013-05-16 14:00:00,4.05
1288,1198,2013-05-16 15:00:00,4.95
1289,1198,2013-05-16 16:00:00,5
1290,1198,2013-05-16 17:00:00,5.1
1291,1199,2013-05-16 13:00:00,5.88333333333333
1292,1199,2013-05-16 14:00:00,5
1293,1199,2013-05-16 15:00:00,5.11666666666667
1294,1200,2013-12-20 16:00:00,2.5
1295,1200,2013-12-20 17:00:00,2.5
1296,1201,2013-05-16 13:00:00,25.8833333333333
1297,1201,2013-05-16 14:00:00,25
1298,1201,2013-05-16 15:00:00,25.1166666666667
1299,1201,2013-12-20 16:00:00,25.65
1300,1201,2013-12-20 17:00:00,25.85
1301,1203,2013-05-16 13:00:00,14.9166666666667
1302,1203,2013-05-16 14:00:00,14
1303,1203,2013-05-16 15:00:00,14
1304,1203,2013-05-16 16:00:00,14
1305,1203,2013-05-16 17:00:00,14.0833333333333
1306,1205,2013-05-16 13:00:00,10.9166666666667
1307,1205,2013-05-16 14:00:00,10
1308,1205,2013-05-16 15:00:00,10.0833333333333
1309,1205,2013-12-20 16:00:00,8.7
1310,1205,2013-12-20 17:00:00,7.83333333333333
1311,1205,2013-12-20 18:00:00,9.25
1312,1205,2013-12-20 19:00:00,10
1313,1205,2013-12-20 20:00:00,10.6
1314,1207,2013-05-16 13:00:00,13.9833333333333
1315,1207,2013-05-16 14:00:00,12.5666666666667
1316,1207,2013-05-16 15:00:00,13.9333333333333
1317,1207,2013-12-20 16:00:00,13.45
1318,1207,2013-12-20 17:00:00,13.3833333333333
1319,1210,2013-12-20 16:00:00,3.58333333333333
1320,1210,2013-12-20 17:00:00,3.41666666666667
1321,1215,2013-05-16 13:00:00,11.9166666666667
1322,1215,2013-05-16 14:00:00,11
1323,1215,2013-05-16 15:00:00,11
1324,1215,2013-05-16 16:00:00,11
1325,1215,2013-05-16 17:00:00,11.5833333333333
1326,1217,2013-05-16 14:00:00,5.06666666666667
1327,1217,2013-05-16 15:00:00,5
1328,1217,2013-05-16 16:00:00,5.93333333333333
1329,1227,2013-12-20 16:00:00,9.25
1330,1227,2013-12-20 17:00:00,9.25
1331,1228,2014-01-27 08:00:00,2.95
1332,1228,2014-01-27 09:00:00,3.85
1333,1229,2013-05-16 13:00:00,4.9
1334,1229,2013-05-16 14:00:00,4
1335,1229,2013-05-16 15:00:00,4
1336,1229,2013-05-16 16:00:00,4
1337,1229,2013-05-16 17:00:00,4.1
1338,1229,2013-12-20 16:00:00,4.46666666666667
1339,1229,2013-12-20 17:00:00,4.78333333333333
1340,1230,2013-12-20 16:00:00,7.31666666666667
1341,1230,2013-12-20 17:00:00,7
1342,1230,2013-12-20 18:00:00,7.51666666666667
1343,1231,2013-05-16 14:00:00,8.03333333333333
1344,1231,2013-05-16 15:00:00,8
1345,1231,2013-05-16 16:00:00,8
1346,1231,2013-05-16 17:00:00,8
1347,1231,2013-05-16 18:00:00,8.96666666666667
1348,1231,2013-12-20 16:00:00,8.65
1349,1231,2013-12-20 17:00:00,8.85
1350,1232,2013-12-20 16:00:00,11.5833333333333
1351,1232,2013-12-20 17:00:00,11.75
1352,1233,2013-05-16 14:00:00,5.03333333333333
1353,1233,2013-05-16 15:00:00,5.3
1354,1233,2013-12-20 16:00:00,5.6
1355,1233,2013-12-20 17:00:00,5.4
1356,1233,2014-01-27 08:00:00,5.45
1357,1233,2014-01-27 09:00:00,5
1358,1233,2014-01-27 10:00:00,5.55
1359,1235,2013-12-20 16:00:00,1.83333333333333
1360,1235,2013-12-20 17:00:00,1
1361,1235,2013-12-20 18:00:00,1
1362,1235,2013-12-20 19:00:00,1.16666666666667
1363,1236,2013-05-16 13:00:00,1.9
1364,1236,2013-05-16 14:00:00,1.6
1365,1238,2013-05-16 13:00:00,3.83333333333333
1366,1238,2013-05-16 14:00:00,3
1367,1238,2013-05-16 15:00:00,3.66666666666667
1368,1241,2013-12-20 16:00:00,3.36666666666667
1369,1241,2013-12-20 17:00:00,3.3
1370,1247,2013-12-20 16:00:00,1.31666666666667
1371,1247,2013-12-20 17:00:00,1
1372,1247,2013-12-20 18:00:00,1.68333333333333
1373,1248,2013-12-20 16:00:00,5.26666666666667
1374,1248,2013-12-20 17:00:00,5.73333333333333
1375,1248,2014-01-27 08:00:00,5.45
1376,1248,2014-01-27 09:00:00,5
1377,1248,2014-01-27 10:00:00,5.55
1378,1249,2014-01-27 07:00:00,2.98333333333333
1379,1249,2014-01-27 08:00:00,2
1380,1249,2014-01-27 09:00:00,2
1381,1249,2014-01-27 10:00:00,2
1382,1249,2014-01-27 11:00:00,2.01666666666667
1383,1250,2013-12-20 16:00:00,0.4
1384,1250,2013-12-20 17:00:00,0.433333333333333
1385,1252,2013-12-20 16:00:00,7.73333333333333
1386,1252,2013-12-20 17:00:00,7.26666666666667
1387,1255,2013-05-16 13:00:00,3.83333333333333
1388,1255,2013-05-16 14:00:00,3
1389,1255,2013-05-16 15:00:00,3.16666666666667
1390,1255,2013-12-20 16:00:00,3.7
1391,1255,2013-12-20 17:00:00,3.55
1392,1259,2013-12-20 16:00:00,2.83333333333333
1393,1259,2013-12-20 17:00:00,2.16666666666667
1394,1261,2013-12-20 16:00:00,7.5
1395,1261,2013-12-20 17:00:00,7.5
1396,1262,2013-05-16 14:00:00,3.05
1397,1262,2013-05-16 15:00:00,3
1398,1262,2013-05-16 16:00:00,3
1399,1262,2013-05-16 17:00:00,3
1400,1262,2013-05-16 18:00:00,3.95
1401,1263,2013-05-16 13:00:00,2.83333333333333
1402,1263,2013-05-16 14:00:00,2.66666666666667
1403,1263,2013-12-20 17:00:00,2.35
1404,1263,2013-12-20 18:00:00,2.9
1405,1265,2013-05-16 13:00:00,17.8666666666667
1406,1265,2013-05-16 14:00:00,17.55
1407,1265,2013-12-20 16:00:00,16.2166666666667
1408,1265,2013-12-20 17:00:00,15.3166666666667
1409,1265,2013-12-20 18:00:00,17.4666666666667
1410,1266,2013-12-20 16:00:00,4.31666666666667
1411,1266,2013-12-20 17:00:00,4
1412,1266,2013-12-20 18:00:00,4.5
1413,1267,2013-12-20 16:00:00,4.48333333333333
1414,1267,2013-12-20 17:00:00,4
1415,1267,2013-12-20 18:00:00,4.51666666666667
1416,1269,2013-12-20 16:00:00,4.36666666666667
1417,1269,2013-12-20 17:00:00,4.71666666666667
1418,1270,2013-12-20 16:00:00,1.75
1419,1270,2013-12-20 17:00:00,1
1420,1270,2013-12-20 18:00:00,1.5
1421,1271,2013-12-20 16:00:00,3.61666666666667
1422,1271,2013-12-20 17:00:00,3.38333333333333
1423,1272,2013-05-16 14:00:00,9.05
1424,1272,2013-05-16 15:00:00,9
1425,1272,2013-05-16 16:00:00,9.95
1426,1272,2013-12-20 16:00:00,9.23333333333333
1427,1272,2013-12-20 17:00:00,9
1428,1272,2013-12-20 18:00:00,9.26666666666667
1429,1274,2013-05-16 14:00:00,5.05
1430,1274,2013-05-16 15:00:00,5.95
1431,1274,2013-12-20 16:00:00,5.75
1432,1274,2013-12-20 17:00:00,5.25
1433,1279,2013-12-20 16:00:00,12.4166666666667
1434,1279,2013-12-20 17:00:00,12.9833333333333
1435,1282,2013-12-20 16:00:00,3.83333333333333
1436,1282,2013-12-20 17:00:00,4.16666666666667
1437,1284,2013-12-20 16:00:00,4.41666666666667
1438,1284,2013-12-20 17:00:00,4.58333333333333
1439,1286,2013-05-16 13:00:00,5.9
1440,1286,2013-05-16 14:00:00,5.43333333333333
1441,1287,2013-05-16 13:00:00,6.98333333333333
1442,1287,2013-05-16 14:00:00,6.03333333333333
1443,1287,2013-05-16 15:00:00,6
1444,1287,2013-05-16 16:00:00,6.96666666666667
1445,1287,2013-12-20 16:00:00,5.38333333333333
1446,1287,2013-12-20 17:00:00,4
1447,1287,2013-12-20 18:00:00,5.61666666666667
1448,1287,2014-01-27 08:00:00,6.45
1449,1287,2014-01-27 09:00:00,6
1450,1287,2014-01-27 10:00:00,6
1451,1287,2014-01-27 11:00:00,6
1452,1287,2014-01-27 12:00:00,6.55
1453,1288,2013-05-16 13:00:00,5.91666666666667
1454,1288,2013-05-16 14:00:00,5
1455,1288,2013-05-16 15:00:00,5.58333333333333
1456,1288,2013-12-20 16:00:00,5.81666666666667
1457,1288,2013-12-20 17:00:00,5.68333333333333
1458,1289,2013-12-20 16:00:00,4.85
1459,1289,2013-12-20 17:00:00,4.76666666666667
1460,1289,2013-12-20 18:00:00,5.88333333333333
1461,1290,2013-05-16 13:00:00,3.98333333333333
1462,1290,2013-05-16 14:00:00,3
1463,1290,2013-05-16 15:00:00,3.01666666666667
1464,1294,2013-05-16 14:00:00,7.05
1465,1294,2013-05-16 15:00:00,7
1466,1294,2013-05-16 16:00:00,7.95
1467,1296,2013-05-16 14:00:00,5.05
1468,1296,2013-05-16 15:00:00,5
1469,1296,2013-05-16 16:00:00,5.7
1470,1296,2013-12-20 16:00:00,5.35
1471,1296,2013-12-20 17:00:00,5.65
1472,1296,2014-01-27 08:00:00,5.4
1473,1296,2014-01-27 09:00:00,5
1474,1296,2014-01-27 10:00:00,5.6
1475,1298,2013-12-20 17:00:00,2.06666666666667
1476,1298,2013-12-20 18:00:00,2.93333333333333
1477,1302,2013-12-20 16:00:00,2.48333333333333
1478,1302,2013-12-20 17:00:00,2.51666666666667
1479,1303,2013-05-16 13:00:00,7.9
1480,1303,2013-05-16 14:00:00,7.76666666666667
1481,1304,2013-05-16 13:00:00,9.86666666666667
1482,1304,2013-05-16 14:00:00,9
1483,1304,2013-05-16 15:00:00,9.71666666666667
1484,1305,2013-05-16 13:00:00,10.8333333333333
1485,1305,2013-05-16 14:00:00,9.5
1486,1305,2013-05-16 15:00:00,10.6666666666667
1487,1310,2013-12-20 16:00:00,11.75
1488,1311,2013-12-20 16:00:00,10.5666666666667
1489,1311,2013-12-20 17:00:00,9
1490,1311,2013-12-20 18:00:00,10
1491,1312,2014-01-27 08:00:00,9.45
1492,1312,2014-01-27 09:00:00,9
1493,1312,2014-01-27 10:00:00,9
1494,1312,2014-01-27 11:00:00,9
1495,1312,2014-01-27 12:00:00,9.55
1496,1313,2013-12-20 16:00:00,3.75
1497,1313,2013-12-20 17:00:00,3
1498,1313,2013-12-20 18:00:00,3
1499,1313,2013-12-20 19:00:00,3.25
1500,1313,2014-01-27 08:00:00,3.4
1501,1313,2014-01-27 09:00:00,3
1502,1313,2014-01-27 10:00:00,3.6
1503,1315,2013-12-20 16:00:00,5.4
1504,1315,2013-12-20 17:00:00,5.26666666666667
1505,1316,2013-12-20 16:00:00,3.48333333333333
1506,1316,2013-12-20 17:00:00,3.51666666666667
1507,1316,2014-01-27 08:00:00,3.5
1508,1317,2013-12-20 16:00:00,2.61666666666667
1509,1317,2013-12-20 17:00:00,2.38333333333333
1510,1323,2013-05-16 14:00:00,6.5
1511,1325,2013-12-20 16:00:00,6.75
1512,1325,2013-12-20 17:00:00,6
1513,1325,2013-12-20 18:00:00,6.5
1514,1327,2013-05-16 14:00:00,9
1515,1327,2013-12-20 16:00:00,9.5
1516,1327,2013-12-20 17:00:00,9
1517,1327,2013-12-20 18:00:00,9.5
1518,1330,2013-12-20 16:00:00,6.41666666666667
1519,1330,2013-12-20 17:00:00,6.58333333333333
1520,1332,2014-01-27 08:00:00,2.4
1521,1332,2014-01-27 09:00:00,2
1522,1332,2014-01-27 10:00:00,2.6
1523,1333,2013-05-16 14:00:00,12.05
1524,1333,2013-05-16 15:00:00,12
1525,1333,2013-05-16 16:00:00,12
1526,1333,2013-05-16 17:00:00,12.95
1527,1333,2013-12-20 16:00:00,12.15
1528,1333,2013-12-20 17:00:00,12.35
1529,1336,2013-05-16 13:00:00,12.7333333333333
1530,1336,2013-05-16 14:00:00,11.0166666666667
1531,1336,2013-05-16 15:00:00,12
1532,1336,2013-05-16 16:00:00,12
1533,1336,2013-05-16 17:00:00,12.1666666666667
1534,1336,2013-12-20 17:00:00,12.1666666666667
1535,1336,2013-12-20 18:00:00,12.55
1536,1337,2013-05-16 13:00:00,7.98333333333333
1537,1337,2013-05-16 14:00:00,7
1538,1337,2013-05-16 15:00:00,7.01666666666667
1539,1337,2013-12-20 16:00:00,7.66666666666667
1540,1339,2013-12-20 16:00:00,6.63333333333333
1541,1339,2013-12-20 17:00:00,6.53333333333333
1542,1340,2013-12-20 16:00:00,7.23333333333333
1543,1340,2013-12-20 17:00:00,7.26666666666667
1544,1340,2014-01-27 08:00:00,7.45
1545,1340,2014-01-27 09:00:00,7
1546,1340,2014-01-27 10:00:00,7.55
1547,1342,2013-05-16 14:00:00,10.05
1548,1342,2013-05-16 15:00:00,10
1549,1342,2013-05-16 16:00:00,10
1550,1342,2013-05-16 17:00:00,10.95
1551,1342,2013-12-20 16:00:00,9.13333333333333
1552,1342,2013-12-20 17:00:00,9.53333333333333
1553,1346,2013-12-20 16:00:00,5.23333333333333
1554,1346,2013-12-20 17:00:00,4.48333333333333
1555,1346,2013-12-20 18:00:00,5.41666666666667
1556,1349,2013-05-16 14:00:00,9.5
1557,1349,2013-12-20 16:00:00,9.21666666666667
1558,1349,2013-12-20 17:00:00,9
1559,1349,2013-12-20 18:00:00,9.78333333333333
1560,1350,2013-12-20 16:00:00,4.05
1561,1350,2013-12-20 17:00:00,3.76666666666667
1562,1350,2013-12-20 18:00:00,4.68333333333333
1563,1351,2013-05-16 13:00:00,6.83333333333333
1564,1351,2013-05-16 14:00:00,6
1565,1351,2013-05-16 15:00:00,6
1566,1351,2013-05-16 16:00:00,6
1567,1351,2013-05-16 17:00:00,6.83333333333333
1568,1353,2013-12-20 16:00:00,7.18333333333333
1569,1353,2013-12-20 17:00:00,6.81666666666667
1570,1354,2013-05-16 13:00:00,6.9
1571,1354,2013-05-16 14:00:00,5.03333333333333
1572,1354,2013-05-16 15:00:00,5.83333333333333
1573,1354,2014-01-27 08:00:00,6.45
1574,1354,2014-01-27 09:00:00,6
1575,1354,2014-01-27 10:00:00,6.55
1576,1356,2014-01-27 08:00:00,7.45
1577,1356,2014-01-27 09:00:00,7
1578,1356,2014-01-27 10:00:00,7.55
1579,1357,2013-05-16 13:00:00,12.85
1580,1357,2013-05-16 14:00:00,12.15
1581,1358,2013-12-20 17:00:00,11.5
1582,1359,2013-05-16 13:00:00,8.9
1583,1359,2013-05-16 14:00:00,8.6
1584,1360,2013-05-16 14:00:00,4.06666666666667
1585,1360,2013-05-16 15:00:00,4
1586,1360,2013-05-16 16:00:00,4.93333333333333
1587,1361,2013-12-20 16:00:00,4.46666666666667
1588,1361,2013-12-20 17:00:00,4.53333333333333
1589,1361,2014-01-27 08:00:00,4.45
1590,1361,2014-01-27 09:00:00,4
1591,1361,2014-01-27 10:00:00,4
1592,1361,2014-01-27 11:00:00,4
1593,1361,2014-01-27 12:00:00,4.55
1594,1362,2013-05-16 14:00:00,5.03333333333333
1595,1362,2013-05-16 15:00:00,5
1596,1362,2013-05-16 16:00:00,5.46666666666667
1597,1362,2013-12-20 16:00:00,5.5
1598,1363,2013-05-16 14:00:00,11.0333333333333
1599,1363,2013-05-16 15:00:00,11.9666666666667
1600,1365,2013-05-16 14:00:00,13.0333333333333
1601,1365,2013-05-16 15:00:00,13
1602,1365,2013-05-16 16:00:00,13
1603,1365,2013-05-16 17:00:00,13.9666666666667
1604,1365,2013-12-20 16:00:00,12.5666666666667
1605,1365,2013-12-20 17:00:00,12.9
1606,1365,2014-01-27 08:00:00,13.45
1607,1365,2014-01-27 09:00:00,13
1608,1365,2014-01-27 10:00:00,13
1609,1365,2014-01-27 11:00:00,13
1610,1365,2014-01-27 12:00:00,13.55
1611,1367,2013-05-16 14:00:00,7.75
1612,1367,2013-12-20 16:00:00,7.48333333333333
1613,1367,2013-12-20 17:00:00,7.51666666666667
1614,1367,2014-01-27 08:00:00,7.5
1615,1369,2013-05-16 13:00:00,10.9
1616,1369,2013-05-16 14:00:00,10
1617,1369,2013-05-16 15:00:00,10.1
1618,1369,2013-12-20 16:00:00,10.0666666666667
1619,1369,2013-12-20 17:00:00,10.1833333333333
1620,1369,2014-01-27 08:00:00,10.45
1621,1369,2014-01-27 09:00:00,10.55
1622,1370,2013-05-16 13:00:00,10.9
1623,1370,2013-05-16 14:00:00,10
1624,1370,2013-05-16 15:00:00,10
1625,1370,2013-05-16 16:00:00,10
1626,1370,2013-05-16 17:00:00,10.1
1627,1371,2013-05-16 13:00:00,11.8666666666667
1628,1371,2013-05-16 14:00:00,11
1629,1371,2013-05-16 15:00:00,11.1333333333333
1630,1371,2014-01-27 08:00:00,11.45
1631,1371,2014-01-27 09:00:00,11
1632,1371,2014-01-27 10:00:00,11.55
1633,1372,2013-12-20 16:00:00,2.6
1634,1372,2013-12-20 17:00:00,2.4
1635,1373,2013-05-16 13:00:00,5.9
1636,1373,2013-05-16 14:00:00,5.6
1637,1374,2013-05-16 13:00:00,3.98333333333333
1638,1374,2013-05-16 14:00:00,3
1639,1374,2013-05-16 15:00:00,3
1640,1374,2013-05-16 16:00:00,3
1641,1374,2013-05-16 17:00:00,3.01666666666667
1642,1374,2013-12-20 17:00:00,3.75
1643,1378,2013-12-20 16:00:00,3.73333333333333
1644,1378,2013-12-20 17:00:00,3.26666666666667
1645,1379,2013-12-20 17:00:00,5.66666666666667
1646,1382,2013-05-16 13:00:00,9.86666666666667
1647,1382,2013-05-16 14:00:00,9.38333333333333
1648,1385,2013-05-16 13:00:00,2.86666666666667
1649,1385,2013-05-16 14:00:00,2
1650,1385,2013-05-16 15:00:00,2
1651,1385,2013-05-16 16:00:00,2
1652,1385,2013-05-16 17:00:00,2.13333333333333
1653,1386,2013-05-16 13:00:00,10.2
1654,1386,2013-05-16 14:00:00,9
1655,1386,2013-05-16 15:00:00,9.4
1656,1386,2013-05-16 16:00:00,10
1657,1386,2013-05-16 17:00:00,10.4
1658,1387,2013-05-16 14:00:00,1.08333333333333
1659,1387,2013-05-16 15:00:00,1
1660,1387,2013-05-16 16:00:00,1
1661,1387,2013-05-16 17:00:00,1.91666666666667
1662,1388,2013-05-16 13:00:00,16.9
1663,1388,2013-05-16 14:00:00,16
1664,1388,2013-05-16 15:00:00,16
1665,1388,2013-05-16 16:00:00,16
1666,1388,2013-05-16 17:00:00,16.1
1667,1388,2014-01-27 08:00:00,16.45
1668,1388,2014-01-27 09:00:00,16.55
1669,1389,2013-12-20 16:00:00,12.7333333333333
1670,1389,2013-12-20 17:00:00,12.5166666666667
1671,1389,2014-01-27 08:00:00,12.45
1672,1389,2014-01-27 09:00:00,12
1673,1389,2014-01-27 10:00:00,12
1674,1389,2014-01-27 11:00:00,12
1675,1389,2014-01-27 12:00:00,12.55
1676,1390,2013-12-20 16:00:00,17.9166666666667
1677,1390,2013-12-20 17:00:00,17.0833333333333
1678,1392,2013-12-20 16:00:00,5.5
1679,1393,2013-05-16 13:00:00,3.55
1680,1393,2013-05-16 14:00:00,3
1681,1393,2013-05-16 15:00:00,3
1682,1393,2013-05-16 16:00:00,3.95
1683,1396,2013-05-16 13:00:00,3.83333333333333
1684,1396,2013-05-16 14:00:00,2.26666666666667
1685,1396,2013-05-16 15:00:00,3.15
1686,1396,2013-12-20 16:00:00,3.91666666666667
1687,1396,2013-12-20 17:00:00,3.08333333333333
1688,1396,2014-01-27 08:00:00,2.61666666666667
1689,1396,2014-01-27 09:00:00,2
1690,1396,2014-01-27 10:00:00,2
1691,1396,2014-01-27 11:00:00,2
1692,1396,2014-01-27 12:00:00,3.38333333333333
1693,1400,2013-05-16 13:00:00,11.85
1694,1400,2013-05-16 14:00:00,11
1695,1400,2013-05-16 15:00:00,11.15
1696,1401,2013-05-16 14:00:00,12.8
1697,1401,2013-05-16 15:00:00,13
1698,1401,2013-05-16 16:00:00,13
1699,1401,2013-05-16 17:00:00,13
1700,1401,2013-05-16 18:00:00,13.95
1701,1401,2014-01-27 07:00:00,13.9833333333333
1702,1401,2014-01-27 08:00:00,13
1703,1401,2014-01-27 09:00:00,13.0166666666667
1704,1402,2013-05-16 13:00:00,22.7166666666667
1705,1402,2013-05-16 14:00:00,21.1333333333333
1706,1402,2013-05-16 15:00:00,22
1707,1402,2013-05-16 16:00:00,22.4833333333333
1708,1402,2013-12-20 16:00:00,21.85
1709,1402,2013-12-20 17:00:00,21.15
1710,1402,2014-01-27 08:00:00,22.5
1711,1403,2013-05-16 13:00:00,17.8333333333333
1712,1403,2013-05-16 14:00:00,17
1713,1403,2013-05-16 15:00:00,17.6666666666667
1714,1403,2013-12-20 16:00:00,16.95
1715,1403,2013-12-20 17:00:00,16
1716,1403,2013-12-20 18:00:00,16.8666666666667
1717,1405,2013-12-20 16:00:00,9.48333333333333
1718,1405,2013-12-20 17:00:00,8.93333333333333
1719,1405,2013-12-20 18:00:00,9.53333333333333
1720,1405,2013-12-20 19:00:00,10
1721,1405,2013-12-20 20:00:00,10.3833333333333
1722,1405,2014-01-27 08:00:00,10.45
1723,1405,2014-01-27 09:00:00,10.05
1724,1411,2013-05-16 14:00:00,3.05
1725,1411,2013-05-16 15:00:00,3.95
1726,1416,2013-05-16 13:00:00,12.85
1727,1416,2013-05-16 14:00:00,12
1728,1416,2013-05-16 15:00:00,12.65
1729,1418,2013-05-16 13:00:00,4.86666666666667
1730,1418,2013-05-16 14:00:00,4
1731,1418,2013-05-16 15:00:00,4
1732,1418,2013-05-16 16:00:00,4.13333333333333
1733,1420,2013-05-16 13:00:00,6.91666666666667
1734,1420,2013-05-16 14:00:00,6
1735,1420,2013-05-16 15:00:00,6.08333333333333
1736,1420,2013-12-20 16:00:00,6.61666666666667
1737,1420,2013-12-20 17:00:00,6.88333333333333
1738,1422,2013-12-20 16:00:00,9.41666666666667
1739,1422,2013-12-20 17:00:00,9.58333333333333
1740,1422,2014-01-27 08:00:00,9.45
1741,1422,2014-01-27 09:00:00,9
1742,1422,2014-01-27 10:00:00,9
1743,1422,2014-01-27 11:00:00,9
1744,1422,2014-01-27 12:00:00,9.55
1745,1423,2013-05-16 13:00:00,2.9
1746,1423,2013-05-16 14:00:00,2.46666666666667
1747,1424,2014-01-27 08:00:00,5.9
1748,1424,2014-01-27 09:00:00,5
1749,1424,2014-01-27 10:00:00,5
1750,1424,2014-01-27 11:00:00,5
1751,1424,2014-01-27 12:00:00,6.1
1752,1425,2013-12-20 16:00:00,7.46666666666667
1753,1425,2013-12-20 17:00:00,7
1754,1425,2013-12-20 18:00:00,7.53333333333333
1755,1426,2013-12-20 16:00:00,3.46666666666667
1756,1426,2013-12-20 17:00:00,2.65
1757,1426,2013-12-20 18:00:00,3.88333333333333
1758,1427,2013-05-16 13:00:00,7.8
1759,1427,2013-05-16 14:00:00,6.35
1760,1427,2013-05-16 15:00:00,7.76666666666667
1761,1427,2013-12-20 17:00:00,7.16666666666667
1762,1427,2013-12-20 18:00:00,7.83333333333333
1763,1428,2013-05-16 13:00:00,7.9
1764,1428,2013-05-16 14:00:00,7
1765,1428,2013-05-16 15:00:00,7
1766,1428,2013-05-16 16:00:00,7.1
1767,1428,2013-12-20 16:00:00,6.98333333333333
1768,1428,2013-12-20 17:00:00,7.93333333333333
1769,1438,2013-12-20 16:00:00,8.41666666666667
1770,1438,2013-12-20 17:00:00,8.5
1771,1441,2013-12-20 16:00:00,3.76666666666667
1772,1441,2013-12-20 17:00:00,3.23333333333333
1773,1444,2013-05-16 13:00:00,3.9
1774,1444,2013-05-16 14:00:00,3.6
1775,1447,2013-12-20 17:00:00,12.15
1776,1447,2013-12-20 18:00:00,12.5
1777,1449,2013-05-16 14:00:00,9.03333333333333
1778,1449,2013-05-16 15:00:00,9
1779,1449,2013-05-16 16:00:00,9.83333333333333
1780,1452,2013-05-16 13:00:00,6.83333333333333
1781,1452,2013-05-16 14:00:00,6.83333333333333
1782,1455,2013-05-16 13:00:00,4.98333333333333
1783,1455,2013-05-16 14:00:00,4.01666666666667
1784,1458,2013-05-16 14:00:00,5.05
1785,1458,2013-05-16 15:00:00,5.95
1786,1458,2013-12-20 16:00:00,5.23333333333333
1787,1458,2013-12-20 17:00:00,5
1788,1458,2013-12-20 18:00:00,5.76666666666667
